{"loss": 0.2392875701189041, "acc": 0.9132999777793884}